grade,token_count,row
0.010067114093959731,140346,7
1.0,221834,2
0.02972834443874936,200560,22
0.01698043558508675,184349,10
0.9991356957649092,231400,4
0.9976878612716763,170124,27
0.08769957274567124,157070,14
0.999353169469599,205142,26
0.09738857255055959,146966,20
1.0,179978,8
0.07167052950615083,147009,0
0.9989816700610998,223041,21
1.0,210099,24
0.029157484319376165,187177,9
1.0,201013,25
0.9,223148,16
0.04970873786407767,195419,31
0.9991111111111111,194600,15
1.0,178335,13
0.027069562480327353,163584,6
0.9996557659208262,168353,29
0.10782163742690058,202890,30
0.1304941304941305,157122,1
0.04268820305739833,218534,18
0.10826050183253454,209440,12
0.9954954954954955,179964,11
0.9958053691275168,184150,19
1.0,197925,17
0.1713095548034366,210264,5
0.05275537634408602,209022,28
0.037444037444037445,175009,34
1.0,228061,3
1.0,176580,35
1.0,146572,33
0.9976325757575758,136222,32
0.0181360201511335,176547,37
0.11116777154513004,209619,39
1.0,183265,38
1.0,179481,46
1.0,221970,42
1.0,203830,80
0.31959629941127,138466,45
1.0,191386,52
1.0,198081,44
1.0,225149,41
0.9996819338422391,143459,48
0.9995848899958489,226713,47
1.0,192717,75
1.0,140358,56
1.0,162572,50
0.9702564102564103,184500,55
1.0,207198,73
0.9980833732630571,140785,57
0.08414690841469084,135666,71
0.5597554196775987,225839,54
0.026953125,133982,78
0.022501654533421574,191541,79
0.9428928720300125,207725,62
0.15153124446804744,212508,53
1.0,205739,81
0.07103714227724782,142001,64
0.11472960860472065,182596,60
0.9978165938864629,195322,72
0.14418316831683167,233985,83
0.06397306397306397,183597,68
1.0,154307,74
1.0,142173,70
0.9993876301285977,180700,76
1.0,224979,77
0.9847422680412371,151976,82
1.0,20558,107
1.0,32158,106
0.998003992015968,22214,104
1.0,17745,109
1.0,16482,102
1.0,220503,92
1.0,194437,93
1.0,25326,112
0.9990186457311089,16019,103
0.9992217898832685,17780,100
0.15022368730868849,21041,110
0.9992369324685234,28021,108
1.0,32638,113
0.9995224450811844,21883,111
0.4754973313925279,30256,101
0.9996003197442046,20935,114
0.9977064220183486,29805,105
1.0,31063,116
1.0,177570,84
1.0,159801,89
0.9996806132226126,141861,88
0.9973591549295775,24173,118
1.0,25845,115
1.0,226120,91
0.9552845528455285,147740,94
1.0,19539,117
0.9783484390735147,226160,85
1.0,29358,125
0.9996661101836394,28601,119
1.0,27228,120
0.995,27296,136
0.9985775248933144,171291,96
0.05167014613778706,26584,122
1.0,213702,86
0.9978401727861771,23355,121
0.9993364299933643,31254,128
1.0,18967,132
1.0,198209,99
1.0,19316,135
1.0,24940,129
0.20675355450236968,24507,127
1.0,22705,123
0.06173228346456693,17579,124
1.0,23949,131
0.9988188976377953,219386,95
0.09764453961456103,32410,133
1.0,30521,137
0.9991003148897886,17649,130
1.0,23815,126
0.9874411302982732,27360,143
0.07652048366720808,30006,141
1.0,21310,139
1.0,22810,148
0.06387434554973823,24021,149
0.99833748960931,28688,150
0.9974640743871513,27919,140
1.0,31504,138
0.9996613613274636,17999,134
0.27452316076294275,24056,154
0.0646878198567042,31402,142
1.0,17320,144
1.0,22422,145
1.0,16351,147
1.0,27324,146
0.053541550474065815,16344,152
1.0,17986,164
0.9325236167341431,20456,159
1.0,23872,155
0.09057398630858346,141505,87
1.0,23774,166
1.0,29699,170
1.0,29742,157
0.9979249198264478,16701,151
1.0,22241,161
0.9989106753812637,18036,171
1.0,21477,176
0.2271276595744681,28539,158
0.997184231697506,31043,153
0.9995557529986673,25448,156
1.0,26006,168
1.0,31255,165
0.9970796829370046,16343,162
1.0,18514,182
0.9815515610217597,20645,160
0.9872448979591837,24392,163
1.0,18134,175
0.9989759344598055,30790,173
0.15286080273270708,27990,178
0.9994614970382337,21961,167
0.044444444444444446,17785,177
0.9683284457478006,21852,179
0.9970414201183432,17990,169
0.044463087248322146,28932,190
1.0,24710,183
1.0,20867,174
1.0,19081,180
1.0,19308,186
0.09172097513878832,30327,189
1.0,24005,187
0.9889901290812453,22064,181
0.056179775280898875,20826,185
0.03197278911564626,27280,172
0.4579524680073126,23680,195
1.0,23493,184
1.0,27493,188
1.0,30125,196
0.9987102321582115,17996,198
1.0,27230,193
1.0,31023,191
1.0,30382,197
1.0,23521,194
1.0,20296,199
1.0,18490,192
0.9952380952380953,35313,306
1.0,48573,316
0.5477497255762898,39354,300
0.9967051070840197,38125,311
0.9980744544287549,33435,314
0.996956786366403,42616,309
1.0,54207,318
0.014973262032085561,54578,320
1.0,65594,315
1.0,39125,307
1.0,59546,304
1.0,58304,305
0.9978929624947324,59235,326
1.0,56152,328
0.12479201331114809,50655,324
1.0,43668,321
0.9967051070840197,61678,327
0.04970645792563601,51077,310
1.0,40062,330
0.9603749467405198,58767,302
0.9989583333333333,51444,308
1.0,60924,323
0.09081527347781218,38234,317
1.0,43055,319
0.03076366268548679,53406,313
0.9973208305425318,57685,303
0.997677659080353,52039,325
0.9406961753330468,64118,322
0.9993065187239945,36983,312
0.15843465045592706,59617,301
1.0,40202,339
1.0,56695,336
1.0,61430,329
0.07530695770804911,57637,334
1.0,44342,342
1.0,39486,335
1.0,37058,332
0.07797270955165692,45909,347
1.0,36425,337
0.9925925925925926,43400,333
1.0,49855,331
1.0,57572,350
1.0,49831,358
1.0,51999,338
1.0,41114,355
0.9995872884853487,33288,341
0.9979423868312757,33427,344
1.0,48098,340
0.9990286546867412,33278,349
0.0919931856899489,62707,351
1.0,51422,357
1.0,42736,369
0.04723862452240361,51185,352
1.0,60147,368
0.09619616472807294,45178,360
1.0,47599,354
0.06581834137779728,64339,356
1.0,43734,370
0.9996180290297937,62119,353
1.0,55347,365
0.04273058884835852,40301,348
1.0,41740,346
0.9776566757493188,64437,363
0.9992236024844721,55264,343
0.9995704467353952,40190,345
0.9994138335287222,46957,367
0.03495723317218297,49091,362
1.0,54031,359
0.9961206896551724,62053,364
0.0519360786724032,51629,372
0.01482284887924801,62075,361
0.06375646180356118,60992,377
0.007010515773660491,44406,382
0.9966442953020134,46433,386
1.0,60659,371
1.0,49432,387
0.9992614475627769,63756,366
1.0,54287,373
0.9994422755158952,51734,378
0.9974489795918368,7731,400
0.919431279620853,64475,376
0.037037037037037035,49270,379
1.0,35233,388
0.9930313588850174,50532,398
0.1262695580565468,38770,375
1.0,38266,384
0.05491462851868943,49725,383
0.5682859761686526,48212,394
1.0,34465,393
1.0,6075,405
0.9971830985915493,42454,374
0.9979959919839679,41907,397
1.0,52561,395
1.0,5224,406
1.0,56726,380
0.13949032381682314,57910,385
1.0,55067,381
1.0,6292,402
0.11328671328671329,51569,392
1.0,48038,389
0.7690265486725664,6370,404
1.0,7376,410
0.99848828420257,40962,390
1.0,64684,391
1.0,6384,418
1.0,6370,407
1.0,4932,414
1.0,7007,403
0.051600261267145654,60843,399
0.9971550497866287,5684,415
0.999604743083004,6998,409
0.0045377197958026095,4491,412
0.9968769519050593,64231,396
1.0,6889,430
1.0,5927,420
1.0,6118,429
0.9833916083916084,6214,434
0.9990776609481645,7435,401
0.9994011976047904,5615,431
0.9994374648415526,6651,428
1.0,6365,419
0.9981776765375854,6774,422
1.0,5464,425
1.0,6382,423
0.9959452610238216,6838,411
0.9426503340757239,6318,427
1.0,5693,421
0.9955540355677155,6877,433
1.0,4518,440
1.0,4484,437
1.0,6119,426
1.0,5365,432
0.9937076476282671,5725,416
1.0,6328,438
0.9752475247524752,5088,417
0.9976798143851509,6537,436
0.9976771196283392,6472,424
0.998211091234347,6851,439
0.9983545865898807,5795,413
1.0,5479,441
0.07457627118644068,6821,444
0.972972972972973,5371,442
0.6296296296296297,5496,448
1.0,5849,408
1.0,4695,453
1.0,5338,446
0.0,6442,435
0.9990210474791973,7078,443
1.0,5715,457
1.0,7524,456
1.0,6332,449
1.0,6811,464
0.9959432048681541,7613,451
1.0,7064,450
0.9970501474926253,7826,458
1.0,6095,447
0.9995071463775259,7106,461
0.9973378170099482,6246,445
0.9984375,7208,467
0.9981735159817352,5599,459
0.9982683982683983,7268,460
0.9986928104575163,5735,455
1.0,6718,463
0.9990808823529411,4315,474
1.0,4361,485
0.007228915662650603,5318,469
1.0,5878,465
1.0,5804,462
0.9969076149980672,7161,452
0.0,5112,472
1.0,5815,468
1.0,5610,475
1.0,6154,477
0.5552941176470588,6814,489
0.9984508133230054,7609,466
1.0,5263,478
1.0,5697,482
1.0,6315,487
1.0,6176,470
1.0,4993,488
0.9984962406015038,5338,476
1.0,6882,479
0.9995894909688013,5355,484
1.0,6231,480
0.5097370983446933,7197,481
1.0,7350,483
0.9994259471871412,5648,493
0.14802947773149633,6221,486
0.9992166079122601,6877,454
1.0,5336,471
1.0,5553,495
1.0,5618,490
1.0,5225,498
1.0,7305,492
1.0,6022,473
0.9972460716021383,6280,499
0.9996078431372549,7489,494
1.0,6482,497
0.928610653487095,4374,496
0.12314570209307052,5971,491
1.0,75723,612
1.0,113479,620
1.0,76409,602
1.0,71616,606
1.0,128466,629
0.9972776769509982,87817,600
0.9903807615230461,81650,603
1.0,67267,605
1.0,85145,608
1.0,99745,601
0.02054380664652568,130690,626
0.14961389961389962,104689,616
1.0,111055,614
1.0,107593,610
0.05874316939890711,95961,624
0.06733275412684622,111647,622
1.0,67239,618
1.0,95168,607
0.9969879518072289,96159,627
1.0,118724,625
0.007892659826361484,99810,619
1.0,93217,604
1.0,95806,617
1.0,116889,623
0.9986213235294118,81875,613
0.9992144540455616,94125,609
0.7818383167220376,81658,611
0.11622031328954018,114655,632
1.0,108242,630
0.9995627459554001,77753,615
0.9860494610019024,106996,628
1.0,69838,639
1.0,96744,621
0.004282655246252677,106507,631
1.0,69688,637
0.9898477157360406,129628,635
1.0,74621,636
0.9984670413898825,68969,641
1.0,118619,660
1.0,97169,642
0.8608554412560909,93554,661
0.9959266802443992,115384,633
0.9398366996132359,94604,634
1.0,73268,638
1.0,90360,654
1.0,71175,659
0.9986899563318777,78629,640
1.0,109162,650
1.0,87230,664
1.0,130658,644
1.0,73829,647
0.9991546914623838,106716,648
0.028476006328001405,98283,645
1.0,72053,662
0.04421052631578947,71175,649
0.5895522388059702,99947,643
1.0,91747,657
1.0,99267,651
1.0,68316,652
1.0,105255,655
0.9495139542176231,89487,653
0.9994129732902847,66679,663
0.840620592383639,117762,666
0.9985401459854014,86936,656
1.0,119857,646
0.11455018802429852,123175,665
0.1397984886649874,103891,658
1.0,118824,667
0.9981132075471698,74125,676
0.997093023255814,91581,669
1.0,71849,679
0.04754925907832601,109658,672
0.033126293995859216,109082,671
0.999647266313933,92738,675
0.3509865005192108,126708,677
0.9992337164750957,76411,670
0.9927536231884058,78044,668
0.9408369408369408,68670,693
0.9973890339425587,72598,690
0.99906191369606,119914,678
0.35148514851485146,106462,680
1.0,93122,674
0.9995042141794744,78747,683
1.0,74445,684
1.0,110705,681
0.9978140238775853,105639,673
1.0,72239,699
0.11588785046728972,71976,695
1.0,129221,687
0.9967320261437909,95204,686
1.0,84811,691
1.0,12859,705
0.995260663507109,70194,689
1.0,107137,697
0.5204819277108433,106149,696
0.15277207392197126,8445,701
1.0,12105,713
1.0,93926,682
1.0,89399,688
1.0,93753,698
1.0,125721,694
0.9191489361702128,115863,692
1.0,9716,711
0.04812225654365144,8990,700
1.0,12498,706
1.0,128815,685
1.0,11816,707
1.0,8617,702
1.0,12027,703
1.0,8834,710
1.0,8123,704
1.0,12363,708
0.9882988298829883,12702,709
0.3063533507397737,15951,720
1.0,14854,718
1.0,12786,727
0.9995901639344262,10050,714
0.17543859649122806,14536,736
0.9973009446693657,10364,715
0.14103585657370518,12982,728
1.0,14685,716
0.9991876523151909,14236,730
0.9990783410138249,15492,724
1.0,9521,731
0.9990059642147118,15948,719
1.0,11235,725
0.06392907139524032,12838,729
0.9993224932249323,11368,717
0.021463757916959886,11173,712
0.07711803041274438,12223,721
1.0,14529,737
0.9993990384615384,10053,733
1.0,13719,726
1.0,9463,732
1.0,11438,723
1.0,11930,746
0.9982832618025751,12609,722
1.0,13476,741
0.9989200863930886,15078,738
1.0,8747,734
0.11132291269538697,12653,735
1.0,15085,743
0.9995231282784931,10638,745
0.5591836734693878,11525,755
1.0,10964,749
0.066543438077634,7884,739
0.7871077184054284,11578,744
0.9137529137529138,14756,758
1.0,14152,740
1.0,14771,752
0.9993573264781491,15909,751
0.9942224362060664,7790,742
1.0,12909,759
1.0,11619,757
1.0,8238,767
1.0,10249,750
0.8907779495105616,12435,747
0.02457002457002457,13294,769
1.0,11406,768
0.9957983193277311,12974,777
1.0,11021,748
0.998211091234347,15117,760
1.0,14764,763
0.14776234567901234,11826,753
1.0,10763,765
0.0,12343,774
1.0,14164,764
0.010582010582010581,8373,781
0.9996562392574768,15590,761
0.04806991988346686,9893,754
0.9884105960264901,8101,766
0.016389907267629934,15153,756
0.04556962025316456,8220,773
1.0,7582,762
0.9984877126654065,14206,775
1.0,14303,783
1.0,15186,770
1.0,9015,772
1.0,7716,776
1.0,9512,779
1.0,14171,791
0.15090329436769395,15488,771
1.0,10242,778
1.0,7841,784
1.0,11644,780
1.0,15547,793
0.03932584269662921,15170,797
1.0,15557,782
0.03554274735830932,14526,785
0.11874533233756535,8859,798
0.9995433789954338,9081,788
1.0,8719,789
0.9954432477216238,12076,792
0.9674311926605504,12900,787
0.9821100917431193,14126,790
0.9995150339476236,12937,795
0.9613992762364294,14753,794
1.0,10095,799
0.9973424449506454,15311,786
1.0,11014,796
